OSM_ID,OSM_Type,SP,Nazwa,Adres,Latitude,Longitude,OSM_Version
238788322,way,81,Orlen,"współrzędne: 51.03689, 16.58420",51.036892,16.584199,
1015693809,way,561,Orlen,"współrzędne: 52.25464, 21.04243",52.254638,21.042427,
697833186,way,765,Orlen,"ul. Morska 4, 84-110 Odargowo",54.787999,18.118460,
3306601540,node,952,Orlen,"współrzędne: 52.96756, 17.10509",52.967565,17.105095,
190602227,way,4233,Orlen,"ul. Krakowska 46, 24-220 Niedrzwica Kościelna",51.095302,22.366980,
1522690248,way,4233,Orlen,"współrzędne: 51.09532, 22.36705",51.095315,22.367049,
501770905,way,4311,Orlen,76-015,54.090378,16.367845,
7217053634,node,4498,Orlen,"współrzędne: 51.43845, 16.89737",51.438452,16.897372,
1144940701,way,4499,Orlen,"współrzędne: 53.29904, 20.43753",53.299038,20.437530,
965683971,way,4505,Orlen,"współrzędne: 51.07288, 16.21215",51.072882,16.212146,
8757347119,node,4534,Orlen,"współrzędne: 52.39793, 16.63665",52.397933,16.636646,
1012618936,way,4537,Orlen,"ul. Zamojska 210, 22-460 Szczebrzeszyn",50.709653,23.003749,
9297298652,node,4549,Orlen,"współrzędne: 52.83636, 17.69055",52.836360,17.690549,
10247678664,node,4554,Orlen,"współrzędne: 49.95990, 20.42524",49.959899,20.425237,
1123721797,way,4557,Orlen,"współrzędne: 52.09268, 16.60951",52.092680,16.609511,
11036042462,node,4565,Orlen,"współrzędne: 49.68458, 20.05285",49.684581,20.052845,
1177337266,way,4581,Orlen,"współrzędne: 54.47389, 18.34116",54.473895,18.341165,
234706324,way,4608,Orlen,"współrzędne: 50.24392, 19.02373",50.243922,19.023731,
3370845896,node,4620,Orlen,"ul. Aleja Wojska Polskiego 258, 42-200 Częstochowa",50.818868,19.139796,
828546629,way,4638,Orlen,"współrzędne: 53.40430, 14.59460",53.404303,14.594599,
1408344158,way,4675,Orlen,"współrzędne: 51.90501, 15.58972",51.905012,15.589724,
1303312613,way,4676,Orlen,"współrzędne: 51.90444, 15.58681",51.904443,15.586813,
12347721121,node,4677,Orlen,"współrzędne: 51.06850, 16.95850",51.068496,16.958501,
3308217536,node,7323,Orlen,"współrzędne: 51.91121, 16.18467",51.911210,16.184668,
2593347372,node,7599,Orlen,"współrzędne: 52.00480, 16.52638",52.004802,16.526379,
530975574,way,7633,Orlen,"współrzędne: 51.52321, 15.21516",51.523205,15.215163,
965916866,node,7647,Orlen,"współrzędne: 49.77115, 19.64493",49.771151,19.644935,
679060872,way,7677,Orlen,"ul. Południowa 28, 71-001 Szczecin",53.392738,14.500694,
3668292894,node,7700,Orlen,"współrzędne: 53.59448, 19.58362",53.594477,19.583621,
3716116516,node,7745,Orlen,"współrzędne: 52.14917, 18.27209",52.149168,18.272091,
4097435030,node,7762,Orlen,"ul. Kazimierza Stefanowicza 116, 07-430 Myszyniec",53.368662,21.362247,
12704328465,node,7791,Orlen,"współrzędne: 51.13020, 22.16333",51.130204,22.163328,
2705313838,node,7792,Orlen,"współrzędne: 50.95832, 19.17011",50.958321,19.170112,
4763214,relation,,Orlen,"ul. Lubliniecka 6, 42-793 Ciasna",50.748524,18.613856,
43760636,way,,Orlen,"współrzędne: 50.18547, 19.28776",50.185474,19.287758,
51534425,way,,Orlen,ul. Stanisława Ignacego Witkiewicza 22,53.435760,14.497477,
56362536,way,,Orlen,"współrzędne: 53.40659, 14.50344",53.406588,14.503442,
61986818,way,,Orlen,"ul. Szosa Stargardzka 22G, 70-893 Szczecin",53.361731,14.741612,
101524269,way,,Orlen,"współrzędne: 52.10851, 20.64197",52.108512,20.641972,
122451488,way,,Orlen,"współrzędne: 53.36526, 18.63760",53.365259,18.637597,
124879137,way,,Orlen,"współrzędne: 51.05024, 16.96971",51.050237,16.969710,
126704615,way,,Orlen,"współrzędne: 53.28336, 17.93092",53.283363,17.930916,
127626899,way,,Orlen,"współrzędne: 51.18689, 20.39726",51.186886,20.397261,
128164205,way,,Orlen,"współrzędne: 54.47675, 17.02576",54.476745,17.025760,
128384080,way,,Orlen,"współrzędne: 52.21426, 21.02019",52.214264,21.020189,
139710916,way,,Orlen,"ul. Bernardyńska, Bydgoszcz",53.120992,18.005782,
144985868,way,,Orlen,"współrzędne: 50.86128, 15.65711",50.861280,15.657108,
146601739,way,,Orlen,"współrzędne: 50.09329, 18.76551",50.093291,18.765513,
148935159,way,,Orlen,"współrzędne: 51.84498, 19.41474",51.844977,19.414744,
151376605,way,,Orlen,"współrzędne: 50.95432, 21.29527",50.954322,21.295274,
162545451,way,,Orlen,"współrzędne: 53.49369, 15.06584",53.493688,15.065837,
163977687,way,,Orlen,"współrzędne: 54.47417, 18.51587",54.474174,18.515875,
167489167,way,,Orlen,"współrzędne: 50.08151, 19.77366",50.081507,19.773660,
167790723,way,,Orlen,"współrzędne: 50.22438, 18.66996",50.224379,18.669960,
169072003,way,,Orlen,"współrzędne: 50.02918, 19.91236",50.029178,19.912358,
171453741,way,,Orlen,"ul. Marszałka Józefa Piłsudskiego 6a, Szczecin",53.432455,14.551879,
173308806,way,,Orlen,"współrzędne: 50.63738, 20.31013",50.637378,20.310128,
174020765,way,,Orlen,"ul. Ignacego Łukasiewicza 15, 09-400 Płock",52.558961,19.680890,
174808520,way,,Orlen,"współrzędne: 50.40591, 16.38627",50.405908,16.386268,
177789704,way,,Orlen,"ul. Gdańska 32, 83-032 Pszczółki",54.179230,18.685601,
179341178,way,,Orlen,"ul. Górnośląska 42, 43-200 Pszczyna",49.987330,18.955862,
180165640,way,,Orlen,"współrzędne: 51.22416, 22.61320",51.224155,22.613197,
181441113,way,,Orlen,"współrzędne: 50.28340, 18.92292",50.283401,18.922920,
181487797,way,,Orlen,"ul. Kuziennicza 2, 59-400 Jawor",51.055737,16.210636,
181496700,way,,Orlen,"ul. Tadeusza Kościuszki 2, 42-425 Kroczyce",50.561842,19.572984,
184299903,way,,Orlen,"współrzędne: 51.05559, 16.21070",51.055594,16.210701,
185523580,way,,Orlen,"współrzędne: 53.55516, 20.98814",53.555157,20.988145,
187205707,way,,Orlen,"współrzędne: 53.58970, 18.63521",53.589695,18.635215,
188322317,way,,Orlen,"współrzędne: 50.32595, 19.01157",50.325954,19.011572,
188670351,way,,Orlen,"współrzędne: 49.80668, 18.97033",49.806678,18.970333,
189353786,way,,Orlen,"współrzędne: 50.39610, 18.63517",50.396105,18.635170,
189841348,way,,Orlen,"współrzędne: 50.35996, 18.90550",50.359963,18.905503,
191380208,way,,Stacja paliw,"współrzędne: 50.12262, 22.23002",50.122621,22.230022,
193680624,way,,Orlen,"ul. Księdza Czesława Oszkiela 15, 05-555 Tarczyn",51.980170,20.839887,
194559158,way,,Orlen,"ul. Jana Skrowaczewskiego 58a-d, 96-300 Żyrardów",52.067637,20.433110,
197842663,way,,Orlen,"współrzędne: 51.12606, 17.53598",51.126060,17.535983,
202028401,way,,Orlen,"współrzędne: 50.25244, 19.04881",50.252440,19.048812,
202374198,way,,Orlen,"współrzędne: 50.59856, 17.03809",50.598558,17.038085,
203360695,way,,Orlen,"ul. Adama Asnyka 42, 43-502 Czechowice-Dziedzice",49.921843,19.006512,
203921132,way,,Orlen,"współrzędne: 50.31838, 19.19225",50.318378,19.192254,
204100047,way,,Orlen,"ul. Pszczyńska 318, 44-100 Gliwice",50.266241,18.713152,
204710840,way,,Orlen,"współrzędne: 50.24874, 19.11710",50.248741,19.117100,
205957587,way,,Orlen,"współrzędne: 52.25631, 19.15983",52.256314,19.159834,
209410868,way,,Orlen,"współrzędne: 50.65019, 17.97251",50.650187,17.972510,
215464587,way,,Orlen,"współrzędne: 50.09287, 18.24825",50.092869,18.248251,
218751234,way,,Orlen,"współrzędne: 53.36543, 18.63741",53.365426,18.637407,
218912064,way,,Orlen,"współrzędne: 50.34468, 18.91293",50.344681,18.912933,
219882510,way,,Orlen,"współrzędne: 51.03593, 15.41706",51.035929,15.417060,
219999335,way,,Orlen,"współrzędne: 50.71639, 16.58375",50.716390,16.583753,
220544412,way,,Orlen,"ul. Antoniego Malczewskiego 1, 02-617 Warszawa",52.194575,21.023896,
220945319,way,,Orlen,"współrzędne: 50.29324, 19.02316",50.293244,19.023161,
221519700,way,,Orlen,"współrzędne: 50.14680, 19.10565",50.146797,19.105646,
222821999,way,,Orlen,"współrzędne: 50.47515, 17.34089",50.475154,17.340888,
228893085,way,,Orlen,"współrzędne: 50.73798, 16.66022",50.737982,16.660216,
229455435,way,,Orlen,"współrzędne: 49.99665, 20.98536",49.996648,20.985362,
232803535,way,,Orlen,"współrzędne: 53.83250, 18.81874",53.832502,18.818742,
233512655,way,,Orlen,"współrzędne: 50.76086, 17.61647",50.760860,17.616468,
234467053,way,,Orlen,"współrzędne: 52.78693, 20.15403",52.786935,20.154030,
237595826,way,,Orlen,"współrzędne: 50.76503, 16.27007",50.765030,16.270066,
238773632,way,,Orlen,"współrzędne: 50.70289, 17.90735",50.702892,17.907352,
238817652,way,,Orlen,"współrzędne: 50.79022, 16.03355",50.790217,16.033550,
238862030,way,,Orlen,"współrzędne: 49.49977, 19.10051",49.499770,19.100509,
239171313,way,,Orlen,"współrzędne: 51.66402, 16.04683",51.664016,16.046833,
239765044,way,,Orlen,"ul. Generała Leopolda Okulickiego 1, 05-500 Piaseczno",52.082212,21.015585,
239915463,way,,Orlen,"współrzędne: 53.39444, 23.47257",53.394445,23.472571,
240330294,way,,Orlen,"współrzędne: 53.91696, 15.20402",53.916962,15.204021,
242534430,way,,Orlen,"współrzędne: 53.48908, 18.72261",53.489080,18.722606,
243642535,way,,Orlen Nowe,"współrzędne: 53.63671, 18.70481",53.636711,18.704805,
243726842,way,,Orlen,"ul. Białostocka 14, 17-300 Siemiatycze",52.444481,22.852410,
243911510,way,,Orlen,"ul. Katowicka 2a, 43-430 Skoczów",49.805065,18.789897,
245348190,way,,Orlen,"ul. Warszawska 16, 17-312 Drohiczyn",52.400886,22.657028,
246582418,way,,Orlen,"współrzędne: 50.86923, 16.29649",50.869230,16.296488,
248750272,way,,Orlen,"współrzędne: 50.48204, 17.31227",50.482038,17.312268,
249286349,way,,Orlen,"ul. Kluczborska 54, 46-250 Wołczyn",51.013928,18.055962,
249294200,way,,Orlen,"współrzędne: 50.97364, 18.20305",50.973642,18.203050,
251656986,way,,Orlen,"ul. Fabryczna 3, 65-410 Zielona Góra",51.935254,15.501539,
252113332,way,,Orlen,"współrzędne: 52.61635, 20.33367",52.616354,20.333674,
253479296,way,,Orlen,"ul. Michała Spisaka 1A, 05-816 Opacz-Kolonia",52.181600,20.885635,
254154503,way,,Orlen,"współrzędne: 53.50367, 18.79572",53.503675,18.795721,
254410938,way,,Orlen,"ul. Bielska 50, 43-200 Pszczyna",49.960407,18.961031,
255128714,way,,Orlen,"współrzędne: 50.25333, 23.13900",50.253326,23.139005,
255580007,way,,Orlen,"współrzędne: 50.19026, 21.89340",50.190261,21.893399,
258208923,way,,Orlen,"współrzędne: 49.82215, 18.66891",49.822154,18.668914,
258617683,way,,Orlen,"współrzędne: 54.55040, 18.42532",54.550402,18.425318,
260849447,way,,Orlen,"współrzędne: 53.02532, 18.64508",53.025323,18.645076,
262733007,way,,Orlen,"ul. Byczyńska 87, 46-200 Kluczbork",50.986081,18.209801,
266208625,way,,Orlen,"współrzędne: 49.86995, 19.71095",49.869948,19.710949,
269327980,node,,Orlen,"ul. Granitowa, Szczecin",53.371858,14.605912,
272610715,way,,Orlen,"współrzędne: 51.04969, 16.96956",51.049694,16.969564,
275121488,way,,Stacja paliw Orlen,"współrzędne: 50.02789, 21.37230",50.027887,21.372295,
275436844,way,,Orlen,"współrzędne: 51.03849, 16.75331",51.038488,16.753308,
278965782,node,,Orlen,"ul. Bolimowska 75, 99-400 Łowicz",52.102420,19.973450,
282572188,way,,Orlen,"współrzędne: 50.14622, 19.10798",50.146221,19.107982,
282729544,way,,Orlen,"współrzędne: 51.59300, 18.96353",51.592999,18.963530,
287803960,way,,Orlen,"ul. Koszalińska 34, 78-400 Szczecinek",53.714604,16.683101,
288183105,way,,Orlen,"współrzędne: 50.74597, 22.34168",50.745966,22.341676,
288873602,way,,Orlen,"ul. Aleja Jana Pawła II 131, 85-185 Bydgoszcz",53.101606,18.009904,
293141935,way,,Orlen,"ul. Aleja kardynała Stefana Wyszyńskiego 29, Bydgoszcz",53.136028,18.036794,
293159629,way,,Orlen,"współrzędne: 54.48088, 17.04854",54.480880,17.048541,
293968880,way,,Orlen,"współrzędne: 49.92611, 20.45303",49.926108,20.453033,
294488885,way,,Orlen,"ul. Droga Męczenników Majdanka 16, 20-325 Lublin",51.233603,22.585612,
294928101,way,,Orlen,"współrzędne: 49.36528, 20.11638",49.365282,20.116378,
297683715,way,,Orlen,"współrzędne: 53.15066, 17.90668",53.150660,17.906676,
297856685,way,,Orlen,"ul. Męczenników 1, 13-200 Działdowo",53.235187,20.180450,
299215416,way,,Orlen,"współrzędne: 53.89861, 14.26100",53.898611,14.260995,
299805776,way,,Orlen,"ul. Szczecińska 49, 73-110 Stargard",53.339654,15.018038,
299862651,way,,Orlen,"współrzędne: 52.86581, 22.01320",52.865810,22.013197,
300174864,way,,Orlen,"współrzędne: 50.82055, 16.28137",50.820554,16.281367,
303168587,way,,Orlen,"współrzędne: 54.20763, 17.94713",54.207628,17.947127,
303294109,way,,Orlen,"współrzędne: 53.30779, 18.51037",53.307795,18.510368,
303340569,way,,Orlen,"ul. Białostocka 12, 16-020 Czarna Białostocka",53.297258,23.297902,
304089127,way,,Orlen,"współrzędne: 50.32118, 18.85687",50.321176,18.856869,
304498211,way,,Orlen,"współrzędne: 50.96144, 16.35010",50.961444,16.350104,
305286350,way,,Orlen,"współrzędne: 50.33573, 18.14744",50.335735,18.147437,
305856663,way,,Orlen,"współrzędne: 49.82017, 21.62752",49.820165,21.627522,
306881805,way,,Orlen,"ul. Gdańska 240, 85-674 Bydgoszcz",53.145606,18.024189,
307448914,way,,Orlen,"współrzędne: 53.14452, 18.15559",53.144519,18.155591,
307622099,way,,Orlen,"ul. Burmistrza Wiejowskiego 53, 38-213 Kołaczyce",49.795476,21.423781,
310989747,way,,Orlen,"współrzędne: 54.19294, 16.19792",54.192936,16.197924,
311883867,way,,Orlen,"współrzędne: 49.99255, 20.04380",49.992550,20.043801,
314752723,way,,Orlen,"współrzędne: 51.44673, 20.47550",51.446734,20.475500,
316305553,way,,Orlen,"współrzędne: 51.12633, 15.92151",51.126328,15.921509,
316589420,way,,Orlen,"ul. Fordońska 32, 85-719 Bydgoszcz",53.120311,18.045033,
318496205,way,,Orlen,"współrzędne: 49.57771, 19.87127",49.577707,19.871266,
319068812,way,,Orlen,"ul. Konstantego Ildefonsa Gałczyńskiego 42, 42-610 Miasteczko Śląskie",50.485612,18.919867,
320303801,way,,ORLEN,"współrzędne: 50.74431, 18.44347",50.744306,18.443465,
320963294,way,,Orlen,"współrzędne: 50.60720, 16.82238",50.607205,16.822382,
323704191,way,,Orlen,"ul. Stefana Żeromskiego 116, Szczekociny",50.628739,19.852058,
323979715,way,,Orlen,"współrzędne: 52.37055, 18.29682",52.370546,18.296824,
325737634,way,,Orlen,"ul. 3 Maja 3, 96-320 Mszczonów",51.973899,20.516636,
326247309,way,,Orlen,"ul. Krakowska 27, 33-350 Piwniczna-Zdrój",49.448179,20.704037,
331726165,way,,Orlen,"współrzędne: 53.34068, 14.44677",53.340675,14.446774,
332042747,way,,Orlen,"współrzędne: 51.21396, 22.68763",51.213961,22.687629,
332907552,way,,Orlen,"współrzędne: 50.88228, 18.74703",50.882280,18.747035,
333336385,way,,Orlen,"ul. Spółdzielcza 1, 78-300 Świdwin",53.792831,15.781875,
333340782,way,,Orlen,"ul. Szczecińska 30a, 78-300 Świdwin",53.767479,15.758222,
337560740,way,,Orlen,"współrzędne: 51.40381, 16.17630",51.403812,16.176303,
337625643,way,,Orlen,"ul. Henryka Sienkiewicza 11, 14-200 Iława",53.598770,19.545076,
342556801,way,,Orlen,"współrzędne: 51.22040, 22.57711",51.220399,22.577115,
343276763,way,,Orlen,"współrzędne: 50.04209, 18.69821",50.042095,18.698212,
346890249,way,,Orlen,"współrzędne: 52.78988, 21.87047",52.789878,21.870472,
350966431,way,,Orlen,"współrzędne: 51.12023, 18.88856",51.120235,18.888563,
351961385,way,,Orlen Małogoszcz,"ul. Warszawska 104, 28-366 Małogoszcz",50.820203,20.279422,
352271274,way,,Orlen,"współrzędne: 49.71500, 21.80766",49.715001,21.807656,
354078346,way,,Orlen,"współrzędne: 50.30047, 18.86723",50.300468,18.867229,
354124947,way,,Orlen,"współrzędne: 52.67535, 14.91825",52.675349,14.918247,
354691070,way,,Orlen,"ul. Szczecińska 62, 74-106 Stare Czarnowo",53.278696,14.778801,
356305952,way,,Orlen,"ul. Stopnicka 26, 28-136 Nowy Korczyn",50.304090,20.810500,
356635098,way,,Orlen,"współrzędne: 53.32885, 16.04199",53.328853,16.041992,
362494665,way,,Orlen,"współrzędne: 50.83485, 19.15332",50.834851,19.153316,
365356090,way,,Orlen,"współrzędne: 51.40217, 19.73607",51.402175,19.736070,
367773084,way,,Orlen,"współrzędne: 50.37364, 19.27438",50.373642,19.274377,
368142491,way,,Orlen,"współrzędne: 50.80167, 20.62007",50.801667,20.620069,
370682716,way,,Orlen,"współrzędne: 50.01060, 20.00965",50.010597,20.009652,
371020516,way,,Orlen,"współrzędne: 51.95723, 15.52270",51.957230,15.522696,
371601382,way,,Orlen,"współrzędne: 50.30426, 18.67343",50.304262,18.673430,
371765663,way,,Orlen,"współrzędne: 51.52529, 15.79547",51.525291,15.795469,
371900330,way,,Orlen,"współrzędne: 51.61410, 15.30607",51.614102,15.306071,
372079966,way,,Orlen,"współrzędne: 51.78965, 21.17986",51.789652,21.179858,
375833184,way,,Orlen,"ul. Generała Stanisława Maczka 47, Białystok",53.159072,23.117979,
376828913,way,,Orlen,"współrzędne: 51.66234, 16.56727",51.662337,16.567275,
379922068,way,,Orlen,"ul. Szczecińska 25, 73-108 Morzyczyn",53.352953,14.914114,
380883790,way,,Orlen,"współrzędne: 52.25669, 21.00728",52.256686,21.007282,
382229129,way,,Orlen,"współrzędne: 52.61271, 18.91037",52.612712,18.910368,
383601126,way,,Orlen,"ul. Nakielska 86, 85-358 Bydgoszcz",53.132018,17.946076,
383645918,way,,Orlen,"ul. Krakowska 86, 33-300 Nowy Sącz",49.630245,20.669821,
387812310,way,,Orlen,"ul. Aleja Solidarności 2, 83-110 Tczew",54.074541,18.777220,
388497476,way,,Pieprzyk,"ul. Częstochowska 22c, 42-130 Wręczyca Wielka",50.841891,18.930322,
391307947,way,,Orlen,"ul. Aleja Krakowska 25, 05-555 Tarczyn",51.987564,20.845627,
391815495,way,,Orlen,"współrzędne: 53.16021, 21.93117",53.160210,21.931172,
392487572,way,,Orlen,"współrzędne: 54.46678, 17.05494",54.466783,17.054945,
394689322,way,,Orlen,"ul. Dobczycka 27, 32-020 Wieliczka",49.972886,20.061591,
395439888,way,,Orlen,"ul. Mszczonowska 44, 05-600 Grójec",51.868435,20.852171,
395581127,way,,Orlen,"współrzędne: 53.27960, 18.93517",53.279599,18.935167,
397005343,way,,Orlen,"współrzędne: 51.11410, 23.52092",51.114098,23.520923,
397122318,way,,Orlen,"współrzędne: 52.25148, 20.97999",52.251482,20.979988,
398022298,way,,Orlen,"współrzędne: 49.91669, 20.19145",49.916690,20.191445,
401805644,way,,Orlen,"współrzędne: 49.50412, 19.99411",49.504118,19.994113,
402787339,way,,Orlen,"współrzędne: 52.20147, 21.03450",52.201467,21.034499,
405070294,way,,Orlen,"współrzędne: 50.84746, 19.04513",50.847463,19.045130,
409738018,way,,Orlen,"współrzędne: 51.05535, 18.43512",51.055355,18.435118,
410894242,way,,Orlen,"współrzędne: 51.74305, 19.81022",51.743046,19.810223,
411482623,way,,Orlen,"współrzędne: 51.79659, 19.63034",51.796590,19.630340,
415430393,way,,Orlen,"współrzędne: 53.56644, 16.23024",53.566438,16.230236,
420084431,way,,Orlen,"współrzędne: 51.23780, 16.16986",51.237801,16.169861,
425956196,way,,Orlen,"ul. Kuźniczka 25, 42-160 Krzepice",50.972680,18.702171,
431782128,way,,Orlen,"współrzędne: 52.91752, 14.85935",52.917517,14.859355,
432248524,way,,Orlen 7738,28-506 Czarnocin,50.320466,20.541734,
434314020,way,,Orlen,"ul. Aleja Wojska Polskiego 80, 42-208 Częstochowa",50.768990,19.163187,
434846987,way,,Orlen,"współrzędne: 50.82866, 19.07193",50.828665,19.071926,
435394140,way,,Orlen,"ul. Henryka Sienkiewicza 97, 34-300 Żywiec",49.699594,19.201337,
435499100,way,,Orlen,"współrzędne: 52.36693, 16.80948",52.366932,16.809483,
436991042,way,,Orlen,"współrzędne: 54.36940, 18.50242",54.369399,18.502424,
439570982,way,,Orlen,"współrzędne: 54.53225, 17.74309",54.532250,17.743092,
442857268,way,,Orlen,"ul. Andrzeja Struga 61c, Szczecin",53.383367,14.671928,
445157425,way,,Orlen,"współrzędne: 51.78559, 19.46672",51.785588,19.466720,
452630298,way,,Orlen,"współrzędne: 50.91308, 18.90164",50.913084,18.901639,
455403077,way,,Orlen,"współrzędne: 50.15590, 20.98257",50.155901,20.982568,
467743637,way,,Orlen,"współrzędne: 51.80951, 19.32042",51.809513,19.320417,
469963066,way,,Orlen,"ul. Hrubieszowska 57, Szczecin",53.425993,14.483137,
480628691,way,,Orlen,"współrzędne: 50.76513, 22.10232",50.765126,22.102319,
481851222,way,,ORLEN,"współrzędne: 51.73495, 19.45228",51.734947,19.452282,
481952984,node,,Orlen,"ul. Aleja Spółdzielczości Pracy 30, 20-147 Lublin",51.264367,22.572081,
481953340,node,,Orlen,"ul. Doktora Tadeusza Tyszkiewicza, Kazimierz Dolny",51.325967,21.950898,
485599433,way,,Orlen,"współrzędne: 54.46523, 17.04074",54.465232,17.040744,
490974818,way,,Orlen,"współrzędne: 50.84149, 16.43377",50.841487,16.433767,
491658358,way,,Orlen,"współrzędne: 53.26144, 19.85449",53.261439,19.854488,
496315984,node,,Orlen,"ul. Eskadrowa 1, 71-675 Szczecin",53.395542,14.615961,
498373933,way,,Orlen,"współrzędne: 51.29485, 23.11151",51.294853,23.111512,
500081352,way,,Orlen,"współrzędne: 51.74678, 19.33881",51.746776,19.338808,
505248548,way,,Orlen,"współrzędne: 51.75797, 19.22230",51.757974,19.222302,
508293276,way,,Orlen,"współrzędne: 52.97339, 18.87746",52.973391,18.877462,
520372186,way,,Orlen,"współrzędne: 53.46385, 18.74164",53.463851,18.741639,
520772719,way,,Orlen,"ul. Jana Pawła II 77, 33-340 Stary Sącz",49.568020,20.656640,
521332946,way,,Orlen,"współrzędne: 51.89884, 22.35856",51.898836,22.358556,
524284890,way,,Stacja paliw ORLEN,"współrzędne: 54.55973, 18.42319",54.559733,18.423188,
531196225,way,,Orlen,"ul. Generała Leopolda Okulickiego 20, 05-500 Piaseczno",52.082509,21.032177,
534622479,way,,Orlen,"współrzędne: 50.20835, 18.30697",50.208355,18.306967,
540015782,way,,Orlen,"współrzędne: 50.25581, 19.18746",50.255808,19.187465,
545001046,way,,Orlen,"współrzędne: 53.88999, 19.73471",53.889985,19.734708,
545657870,way,,Orlen,"ul. Fabryczna 84, 05-270 Marki",52.315843,21.118005,
546862766,node,,Orlen,"ul. Nawojowska 99, Nowy Sącz",49.602746,20.715584,
552884206,way,,Orlen,"ul. Aleja Jana Pawła II 107, 21-010 Łęczna",51.299783,22.888018,
553459868,way,,Orlen,"współrzędne: 53.78617, 20.45087",53.786170,20.450871,
556344431,way,,Orlen,"współrzędne: 53.88271, 19.73279",53.882710,19.732785,
557134496,way,,Orlen,"współrzędne: 51.75825, 19.55463",51.758250,19.554627,
563928451,way,,Orlen,"współrzędne: 52.12852, 21.24049",52.128519,21.240488,
566159915,way,,Orlen,"współrzędne: 53.74244, 16.35110",53.742441,16.351097,
576091490,way,,Orlen Aviation,"współrzędne: 52.41371, 16.83920",52.413709,16.839199,
585593594,way,,Orlen,"współrzędne: 53.19330, 18.07546",53.193301,18.075458,
586104279,way,,Orlen,"ul. Szczecińska 46, 77-300 Człuchów",53.658696,17.345548,
589805284,node,,Orlen,"ul. Kujawska 71, Bydgoszcz",53.112085,18.008149,
589846879,node,,Orlen,"ul. Gdańska 252, Bydgoszcz",53.171549,18.051920,
591904614,way,,Orlen,"współrzędne: 50.00699, 18.86780",50.006995,18.867799,
596095165,way,,Orlen,"współrzędne: 51.34446, 19.11671",51.344461,19.116706,
600137843,way,,Orlen,"ul. Warszawska 19, 05-300 Choszczówka Stojecka",52.193317,21.519955,
603758330,node,,Orlen,"ul. Promenada 8, 73-210 Recz",53.262578,15.545404,
608681031,way,,Orlen,"współrzędne: 50.56036, 22.06860",50.560356,22.068604,
625177757,way,,Orlen,"współrzędne: 52.98575, 18.07642",52.985749,18.076425,
629668025,way,,Orlen,"współrzędne: 50.07474, 20.14047",50.074744,20.140470,
640609486,way,,Orlen,"współrzędne: 50.23041, 18.97216",50.230405,18.972157,
647533049,way,,Orlen,"współrzędne: 52.85202, 19.69172",52.852019,19.691721,
656362524,way,,ORLEN,"współrzędne: 52.17786, 21.58030",52.177856,21.580297,
661912528,way,,Orlen,"współrzędne: 54.11788, 16.68177",54.117880,16.681768,
662848848,way,,Orlen,"współrzędne: 51.15673, 21.97310",51.156730,21.973104,
668536646,way,,Orlen,"współrzędne: 53.59573, 17.84423",53.595729,17.844229,
674217402,way,,Orlen,"współrzędne: 52.39231, 20.93386",52.392312,20.933858,
680768276,way,,Orlen,"ul. Wojska Polskiego 40, Barczewo",53.836412,20.695143,
683196537,node,,PKN Orlen,"ul. Oskara Kolberga 2, 26-300 Opoczno",51.369389,20.295785,
691362960,way,,Orlen,"współrzędne: 53.56559, 20.97780",53.565588,20.977805,
699216217,way,,Orlen,"ul. Tczewska 22, 83-032 Pszczółki",54.166500,18.703614,
704383662,way,,Orlen,"współrzędne: 54.02118, 16.97698",54.021180,16.976979,
704975421,way,,Orlen,"współrzędne: 53.31171, 17.95673",53.311705,17.956728,
712160777,way,,Orlen,"ul. Aleja Jerzego Szajnowicza-Iwanowa 22, 25-636 Kielce",50.882874,20.577797,
713273357,way,,Orlen,"współrzędne: 52.43200, 21.03169",52.431995,21.031689,
714996993,way,,Orlen,"współrzędne: 50.10598, 19.00699",50.105982,19.006989,
718787988,way,,Orlen,"współrzędne: 50.04798, 19.90241",50.047979,19.902411,
723257232,way,,Orlen,"współrzędne: 53.12910, 18.06504",53.129095,18.065037,
723396079,way,,Orlen,"współrzędne: 51.41577, 19.57046",51.415771,19.570463,
725186422,way,,Orlen,"ul. Mazowiecka 75, 05-825 Książenice",52.071558,20.699538,
727020173,way,,Orlen,"współrzędne: 53.44176, 17.53080",53.441762,17.530803,
746777083,way,,Orlen,"współrzędne: 50.01563, 19.35548",50.015628,19.355483,
749292409,way,,Orlen,"współrzędne: 51.94563, 15.50383",51.945626,15.503830,
756780215,way,,Orlen,"współrzędne: 52.69046, 21.08114",52.690464,21.081141,
763977979,way,,Orlen,"współrzędne: 51.30890, 22.21958",51.308903,22.219580,
764606627,way,,Orlen,"współrzędne: 49.77122, 19.64489",49.771218,19.644892,
770799061,way,,Orlen,"współrzędne: 49.86622, 20.29919",49.866221,20.299194,
786145670,way,,Orlen,"współrzędne: 52.09968, 21.27597",52.099679,21.275971,
800672312,way,,Orlen,"współrzędne: 53.63797, 20.77676",53.637970,20.776757,
818601160,way,,Orlen,"współrzędne: 52.65128, 19.06833",52.651279,19.068329,
826437752,way,,Orlen,"współrzędne: 49.88619, 20.10333",49.886190,20.103331,
828578065,way,,Orlen,"ul. Adama Mickiewicza 19B, 32-050 Skawina",49.975723,19.819781,
834308715,way,,Orlen,"współrzędne: 52.44507, 21.31785",52.445067,21.317853,
836915953,way,,Orlen,"współrzędne: 51.90959, 21.60513",51.909586,21.605127,
839112609,way,,Orlen,"współrzędne: 50.31920, 19.07867",50.319199,19.078666,
846039745,way,,Orlen Stacja Numer: 7662,"ul. Radomszczańska 15, 97-400 Bełchatów",51.324123,19.382511,
851964245,way,,Orlen,"współrzędne: 49.73655, 21.46627",49.736549,21.466268,
865280013,node,,Orlen,"ul. Częstochowska 1a, 42-270 Kłomnice",50.917248,19.334721,
872748693,way,,Orlen,"współrzędne: 51.41711, 15.90439",51.417108,15.904387,
873192903,way,,Orlen,"współrzędne: 50.29670, 19.10235",50.296703,19.102350,
878420626,way,,Orlen,"współrzędne: 54.21544, 16.18011",54.215439,16.180107,
885440966,node,,Orlen,"współrzędne: 49.71664, 19.68908",49.716640,19.689082,
888157206,way,,Orlen,"współrzędne: 50.56683, 16.53325",50.566832,16.533247,
888174753,way,,Orlen,"współrzędne: 50.75969, 19.22404",50.759692,19.224038,
888616507,way,,Orlen,"współrzędne: 54.72251, 18.41735",54.722515,18.417346,
889034923,way,,Orlen,"współrzędne: 50.32286, 19.10831",50.322862,19.108313,
895868616,way,,Orlen,"współrzędne: 52.29644, 16.24604",52.296440,16.246037,
900452986,node,,Orlen,"ul. Poznańska, 99-400 Łowicz",52.117124,19.965961,
900833581,way,,Orlen,"współrzędne: 52.22199, 20.98827",52.221994,20.988267,
906401793,way,,Orlen,"współrzędne: 51.57429, 18.93431",51.574290,18.934306,
906800724,way,,Orlen,"współrzędne: 50.08980, 19.91805",50.089801,19.918049,
911946031,way,,Orlen,"współrzędne: 53.20311, 18.37463",53.203106,18.374627,
915548755,way,,Orlen,"ul. Bielska 1145, 43-374 Buczkowice",49.737626,19.064129,
921817829,node,,Orlen,"współrzędne: 51.89004, 18.98140",51.890044,18.981401,
925843379,way,,Orlen,"współrzędne: 50.07486, 19.91025",50.074859,19.910251,
929704722,way,,Orlen,"współrzędne: 50.82236, 17.73935",50.822360,17.739352,
938150220,way,,Orlen,"współrzędne: 51.71887, 15.72867",51.718870,15.728669,
940379994,way,,Orlen,"współrzędne: 51.61419, 15.33076",51.614194,15.330762,
944777251,way,,Orlen,"współrzędne: 51.21411, 16.16317",51.214108,16.163170,
946083363,way,,Stacja Paliw Orlen,"współrzędne: 52.97341, 18.87778",52.973410,18.877784,
948359599,way,,Orlen,"współrzędne: 52.82125, 20.26102",52.821246,20.261024,
961605285,node,,Orlen,"współrzędne: 49.54441, 20.40435",49.544410,20.404349,
965244647,way,,Orlen,"ul. Aleksandra Zelwerowicza 27, 20-875 Lublin",51.277952,22.536064,
967078461,way,,Orlen,"współrzędne: 49.70684, 21.06750",49.706837,21.067495,
967276650,way,,Orlen,"współrzędne: 53.79692, 17.98285",53.796923,17.982850,
967761059,node,,Orlen,"współrzędne: 49.87792, 19.79615",49.877921,19.796149,
967773832,node,,Orlen,"współrzędne: 51.16103, 16.17014",51.161029,16.170139,
974680204,way,,Orlen,"współrzędne: 51.67610, 16.09917",51.676101,16.099171,
978124473,way,,Orlen,"współrzędne: 49.86621, 20.29914",49.866214,20.299139,
984754424,way,,Orlen,"współrzędne: 54.44304, 18.43012",54.443044,18.430124,
988385540,way,,Orlen,"współrzędne: 50.58157, 17.87227",50.581573,17.872268,
988755884,node,,Orlen,"współrzędne: 52.04073, 19.87586",52.040733,19.875857,
992022121,way,,Orlen,"współrzędne: 50.08909, 22.17351",50.089093,22.173513,
993104425,way,,Orlen,"współrzędne: 51.19404, 22.52650",51.194036,22.526499,
993927577,node,,Orlen,"współrzędne: 50.04447, 20.21758",50.044475,20.217575,
998086977,way,,Orlen,"współrzędne: 50.14414, 20.12815",50.144144,20.128155,
1001706387,way,,Orlen,"ul. Słupska 1, 76-220 Główczyce",54.612608,17.363066,
1008972774,way,,Orlen,"współrzędne: 52.51335, 17.59433",52.513349,17.594328,
1018475774,way,,Orlen,"współrzędne: 52.17140, 20.81231",52.171398,20.812312,
1029061743,way,,Orlen,26-065 Jaworznia Fabryczna,50.857995,20.504412,
1032032190,way,,Orlen,"współrzędne: 51.22860, 18.59776",51.228598,18.597765,
1036355564,way,,Orlen,"współrzędne: 50.82888, 23.88306",50.828878,23.883063,
1039484395,node,,Orlen,"współrzędne: 50.84321, 20.00189",50.843211,20.001891,
1041270540,way,,Orlen,"ul. Częstochowska 176-182, 62-800 Kalisz",51.726907,18.097180,
1042902172,way,,Orlen,"współrzędne: 50.58170, 17.87243",50.581698,17.872429,
1046627058,way,,Orlen,"współrzędne: 54.57989, 18.49453",54.579887,18.494530,
1047291518,way,,Orlen,"współrzędne: 53.56877, 14.83248",53.568772,14.832483,
1048569247,node,,Orlen,"współrzędne: 52.98653, 22.24476",52.986533,22.244764,
1050252592,way,,Orlen,"ul. Pomorska 70, 83-031 Kleszczewko",54.192378,18.633592,
1057801318,way,,Orlen,"współrzędne: 50.83952, 17.42243",50.839523,17.422434,
1066756625,way,,Paliwa BAQ,"współrzędne: 51.17562, 19.13406",51.175622,19.134056,
1066955151,way,,Orlen,"współrzędne: 53.58205, 20.18014",53.582055,20.180143,
1068649297,way,,Orlen,"współrzędne: 50.51580, 21.43594",50.515796,21.435939,
1069878935,node,,Orlen,"współrzędne: 53.68682, 16.93185",53.686823,16.931854,
1070346530,way,,Orlen,"współrzędne: 53.13736, 17.96215",53.137356,17.962148,
1075866194,way,,Orlen,"współrzędne: 51.14906, 19.00422",51.149057,19.004216,
1078044215,way,,Orlen,"współrzędne: 50.98757, 16.83279",50.987571,16.832787,
1079301878,node,,Orlen,"współrzędne: 53.53458, 15.55737",53.534580,15.557373,
1080111636,node,,Orlen,"współrzędne: 53.71752, 16.74075",53.717522,16.740750,
1080155840,way,,Orlen,"współrzędne: 50.06895, 19.97947",50.068948,19.979473,
1081664697,way,,Orlen,"współrzędne: 53.10436, 18.02797",53.104356,18.027968,
1082823407,way,,Orlen,"współrzędne: 50.76034, 19.06271",50.760345,19.062710,
1089815895,way,,Orlen,31-907 Kraków,50.069086,20.052462,
1095440516,way,,Orlen,"współrzędne: 50.30542, 18.63182",50.305422,18.631819,
1096813150,way,,Orlen,"współrzędne: 53.41900, 18.47536",53.418997,18.475359,
1115608199,way,,Orlen,"współrzędne: 50.05793, 21.99423",50.057934,21.994231,
1115807615,way,,Orlen,"współrzędne: 50.09802, 21.51998",50.098025,21.519977,
1115807616,way,,Orlen,"współrzędne: 50.09822, 21.51932",50.098222,21.519322,
1118100058,way,,Orlen,"współrzędne: 49.74503, 20.56783",49.745033,20.567832,
1119292075,node,,Orlen,"współrzędne: 53.09482, 21.59443",53.094823,21.594427,
1122655429,way,,Orlen,"współrzędne: 50.39369, 18.94596",50.393687,18.945955,
1124137748,way,,Orlen,"współrzędne: 53.57920, 17.87508",53.579200,17.875078,
1124961153,way,,Orlen,"współrzędne: 50.02392, 22.64049",50.023921,22.640490,
1140958910,node,,Orlen,"współrzędne: 49.53743, 22.22426",49.537432,22.224263,
1158548418,way,,Orlen,"współrzędne: 49.83458, 19.95108",49.834577,19.951079,
1160137537,way,,Orlen,"współrzędne: 50.49162, 17.98844",50.491616,17.988442,
1162471884,way,,Orlen,"ul. Zielonogórska 43B, 66-016 Czerwieńsk",52.003684,15.418263,
1163874906,node,,Orlen,"współrzędne: 51.74039, 19.42081",51.740394,19.420813,
1165685345,node,,Orlen,"ul. Lotnicza 11, Wrocław",51.128071,16.977136,
1174475270,node,,Orlen,"współrzędne: 52.10049, 20.61212",52.100488,20.612120,
1175552474,node,,Orlen,"współrzędne: 49.75636, 20.74841",49.756362,20.748406,
1182695829,way,,Orlen,"współrzędne: 51.75600, 21.76178",51.755997,21.761777,
1183766373,way,,Orlen,"współrzędne: 50.70912, 16.64844",50.709118,16.648443,
1191540344,way,,Orlen,"ul. Oławska 194b, 55-220 Jelcz-Laskowice",51.023398,17.324352,
1192470978,way,,Orlen,"współrzędne: 52.09551, 16.60988",52.095511,16.609883,
1200702059,way,,Orlen,"współrzędne: 50.98040, 20.66242",50.980397,20.662424,
1204181364,node,,Orlen,"współrzędne: 51.46827, 16.90694",51.468275,16.906943,
1206667594,way,,Orlen,"współrzędne: 51.98684, 21.19097",51.986843,21.190966,
1210854353,way,,Orlen,"współrzędne: 51.44451, 21.03572",51.444514,21.035716,
1212451526,way,,Orlen,"współrzędne: 51.08218, 19.18777",51.082177,19.187773,
1224836001,way,,Orlen,"współrzędne: 50.73019, 16.65727",50.730187,16.657271,
1229573786,node,,Orlen,"współrzędne: 51.90125, 19.60608",51.901246,19.606079,
1231020786,node,,"Stacja Paliw ""Wygoda""","współrzędne: 49.99561, 20.06458",49.995613,20.064582,
1239927210,way,,Orlen,"współrzędne: 54.36351, 16.67445",54.363509,16.674450,
1240625214,node,,Orlen,"współrzędne: 53.44679, 14.55118",53.446794,14.551176,
1242491595,node,,Orlen,"ul. Hilarego Filasiewicza 2, Cieszyn",49.756177,18.638836,
1247020732,way,,Orlen,"współrzędne: 50.02211, 21.97015",50.022111,21.970149,
1247021938,way,,Orlen,"współrzędne: 52.39781, 20.91900",52.397808,20.919003,
1251827805,way,,Orlen,"współrzędne: 54.03805, 19.07501",54.038049,19.075011,
1256658699,node,,Orlen,"współrzędne: 50.08799, 20.00551",50.087987,20.005514,
1271483562,way,,Orlen,"współrzędne: 50.06086, 19.45258",50.060860,19.452579,
1272476361,way,,Orlen,"współrzędne: 50.03425, 21.01326",50.034248,21.013262,
1276094385,way,,Orlen,"współrzędne: 52.61262, 18.90989",52.612622,18.909893,
1283660830,way,,Orlen,"współrzędne: 51.59419, 19.13416",51.594193,19.134163,
1290311520,node,,Orlen,"współrzędne: 50.46673, 17.20088",50.466728,17.200875,
1291565144,way,,Orlen,"współrzędne: 49.34647, 20.00269",49.346467,20.002689,
1298632496,way,,Orlen,"współrzędne: 50.86840, 20.62026",50.868402,20.620257,
1299745157,node,,Orlen,"współrzędne: 53.99871, 15.99127",53.998715,15.991269,
1306049322,way,,Orlen,"ul. Kluczborska 12, 46-220 Byczyna",51.108255,18.206406,
1317688770,way,,Paliwa BAQ,"współrzędne: 51.03123, 18.92528",51.031231,18.925277,
1318200110,way,,Orlen,"współrzędne: 49.95469, 18.61503",49.954689,18.615035,
1318201609,way,,Orlen,"współrzędne: 49.87804, 18.60084",49.878038,18.600844,
1318293613,way,,Orlen,"współrzędne: 49.93770, 18.58158",49.937700,18.581583,
1319108001,way,,Orlen,"ul. Powstania Styczniowego 44, 24-103 Żyrzyn",51.493642,22.065368,
1321674504,way,,Orlen,"współrzędne: 53.45361, 14.37594",53.453613,14.375941,
1322856359,node,,Orlen,"współrzędne: 51.27531, 16.70841",51.275315,16.708411,
1324829275,way,,Orlen,"współrzędne: 53.97120, 18.54368",53.971204,18.543682,
1332102173,node,,Orlen,"współrzędne: 53.65419, 23.34931",53.654186,23.349305,
1333196826,way,,Orlen,"współrzędne: 53.79273, 15.78185",53.792735,15.781853,
1341978193,node,,Orlen,"współrzędne: 53.90706, 19.73483",53.907060,19.734831,
1342957035,node,,Orlen,"współrzędne: 52.99994, 21.93035",52.999943,21.930350,
1357183516,node,,Orlen,"współrzędne: 53.75858, 20.48745",53.758577,20.487453,
1357299269,node,,Orlen,"współrzędne: 54.58074, 16.86263",54.580737,16.862632,
1364045014,way,,Orlen,"współrzędne: 53.95798, 18.54149",53.957983,18.541494,
1376304516,way,,Orlen,"współrzędne: 53.15953, 18.15671",53.159530,18.156715,
1380066202,node,,Orlen,"współrzędne: 54.02245, 14.75138",54.022446,14.751385,
1382097983,node,,Orlen,"współrzędne: 50.29792, 18.83096",50.297916,18.830956,
1385329959,node,,Orlen,"współrzędne: 53.94795, 15.53582",53.947953,15.535821,
1385330729,node,,Orlen,"współrzędne: 53.80485, 15.27092",53.804848,15.270922,
1389468431,way,,ORLEN,"współrzędne: 51.01836, 22.52344",51.018364,22.523441,
1392112496,way,,Orlen,"współrzędne: 51.29564, 18.17288",51.295645,18.172883,
1393006560,way,,Orlen,"współrzędne: 51.45759, 19.24022",51.457594,19.240217,
1393006562,way,,Orlen,"współrzędne: 51.45737, 19.24018",51.457374,19.240177,
1393853245,way,,Orlen,"współrzędne: 49.91795, 18.73558",49.917949,18.735583,
1400458471,node,,Orlen,"współrzędne: 52.69314, 23.83336",52.693135,23.833364,
1412706976,way,,Orlen,"współrzędne: 50.31627, 19.01172",50.316265,19.011720,
1416328036,way,,Orlen,"współrzędne: 53.58288, 23.10789",53.582881,23.107891,
1416710258,way,,Orlen,"współrzędne: 49.88392, 21.05314",49.883917,21.053144,
1420401187,way,,Tanc,"współrzędne: 50.94706, 18.82043",50.947058,18.820430,
1431815615,way,,Orlen,"współrzędne: 51.65949, 19.32379",51.659486,19.323795,
1433729446,node,,Orlen,"współrzędne: 50.32817, 20.03390",50.328167,20.033903,
1433729448,node,,Orlen,"współrzędne: 50.78075, 21.03992",50.780749,21.039925,
1433729453,node,,Orlen,"współrzędne: 51.03704, 21.82874",51.037043,21.828739,
1439322109,node,,Orlen,"współrzędne: 49.72453, 18.79473",49.724525,18.794730,
1445606806,way,,Orlen,"współrzędne: 52.13557, 20.61136",52.135571,20.611356,
1447360731,way,,Orlen,"współrzędne: 50.41295, 18.91991",50.412954,18.919907,
1447807001,way,,Orlen,"współrzędne: 52.65398, 19.04827",52.653984,19.048273,
1450407425,way,,Orlen,"współrzędne: 51.03397, 18.61613",51.033974,18.616134,
1452172004,way,,Orlen,"współrzędne: 54.20738, 17.94702",54.207377,17.947024,
1460599298,way,,Orlen,"współrzędne: 53.34329, 18.29580",53.343288,18.295800,
1470670427,node,,Orlen,"ul. Księdza Jana Gałeczki 46, 41-516 Chorzów",50.282719,18.959131,
1472739254,way,,Orlen,"współrzędne: 52.08269, 20.79256",52.082686,20.792563,
1473281279,way,,Orlen,"współrzędne: 50.51156, 18.29546",50.511564,18.295455,
1473433676,way,,Orlen,"współrzędne: 50.35770, 20.35417",50.357703,20.354166,
1475028806,node,,Orlen,"współrzędne: 52.22242, 21.24498",52.222415,21.244983,
1475642108,way,,Orlen,"współrzędne: 51.22046, 19.31075",51.220461,19.310754,
1475642109,way,,Orlen GAZ,"współrzędne: 51.22000, 19.31031",51.219998,19.310305,
1478750834,node,,ORLEN,"współrzędne: 50.57626, 18.13136",50.576256,18.131361,
1482140842,way,,Orlen,"współrzędne: 52.52150, 21.40861",52.521501,21.408607,
1488399735,way,,Orlen,"współrzędne: 50.81413, 20.49770",50.814125,20.497700,
1490999725,way,,Orlen,"współrzędne: 49.97209, 18.53660",49.972093,18.536601,
1492883444,node,,Orlen,"współrzędne: 51.98537, 19.91065",51.985366,19.910653,
1493872289,node,,Orlen,"współrzędne: 50.20288, 22.10339",50.202877,22.103389,
1497657887,node,,Orlen,"współrzędne: 53.29066, 22.29969",53.290661,22.299687,
1502812204,node,,Orlen,"współrzędne: 53.39596, 21.73481",53.395960,21.734809,
1507870451,way,,Orlen,"współrzędne: 49.83242, 20.95870",49.832418,20.958701,
1519474861,way,,Orlen,"współrzędne: 50.01691, 20.86224",50.016906,20.862239,
1559791130,node,,Orlen,"współrzędne: 52.01019, 21.27861",52.010188,21.278609,
1583519033,node,,Orlen,"współrzędne: 53.78476, 20.50589",53.784762,20.505891,
1588780711,node,,Orlen,"współrzędne: 51.57521, 21.56623",51.575208,21.566228,
1632330435,node,,Orlen,"współrzędne: 50.80301, 19.08714",50.803006,19.087137,
1662185490,node,,Orlen,"współrzędne: 51.80390, 22.18423",51.803901,22.184227,
1668851695,node,,Orlen,"współrzędne: 49.47949, 19.71176",49.479487,19.711757,
1675886914,node,,Orlen,"ul. Kroczymiech 22, 32-500 Chrzanów",50.127133,19.367990,
1716156789,node,,Orlen,"współrzędne: 52.06756, 15.61565",52.067560,15.615654,
1721079935,node,,Orlen,"współrzędne: 53.19068, 18.61419",53.190682,18.614187,
1740658528,node,,Orlen,"współrzędne: 49.69272, 21.77474",49.692720,21.774745,
1750328983,node,,Orlen,"ul. Rzemieślnicza 1, 55-114",51.213553,16.966249,
1765245447,node,,Orlen,"współrzędne: 53.16633, 22.05792",53.166327,22.057923,
1771310387,node,,Orlen,"współrzędne: 53.96109, 14.78494",53.961087,14.784940,
1780272267,node,,Orlen,"współrzędne: 50.15122, 19.44058",50.151223,19.440582,
1796401317,node,,Orlen,"współrzędne: 50.36894, 22.12658",50.368936,22.126582,
1802085181,node,,Orlen,"współrzędne: 50.47121, 16.69707",50.471213,16.697074,
1809363702,node,,Orlen,"współrzędne: 50.59188, 16.82702",50.591880,16.827019,
1809386868,node,,Orlen,"współrzędne: 53.64624, 21.56803",53.646238,21.568027,
1814085885,node,,Orlen,"współrzędne: 51.50929, 19.38556",51.509287,19.385560,
1832529698,node,,Orlen,"ul. Adama Mickiewicza, 96-300 Żyrardów",52.041362,20.454643,
1838154606,node,,Orlen,"współrzędne: 50.38380, 19.78158",50.383797,19.781584,
1841187469,node,,Orlen,"współrzędne: 53.85464, 20.96372",53.854638,20.963721,
1845133453,node,,Orlen,"współrzędne: 52.68690, 15.29263",52.686904,15.292634,
1847664749,node,,Orlen,"współrzędne: 51.85053, 16.52095",51.850529,16.520947,
1848573481,node,,Pronar,"współrzędne: 53.62590, 22.48459",53.625904,22.484591,
1851782356,node,,Orlen,"współrzędne: 50.01189, 18.47525",50.011888,18.475251,
1852773495,node,,Orlen,"współrzędne: 54.07807, 21.38777",54.078072,21.387768,
1853951910,node,,Orlen,"ul. Janusza Korczaka, 42-286 Koszęcin",50.633806,18.845531,
1881696890,node,,Orlen,"ul. Rolnicza 10, 22-600 Tomaszów Lubelski",50.436688,23.423143,
1894763639,node,,Orlen,"współrzędne: 50.77280, 21.43449",50.772804,21.434486,
1903103268,node,,Orlen,"współrzędne: 51.15776, 16.79013",51.157758,16.790129,
1905931840,node,,Orlen,"współrzędne: 50.07110, 19.89301",50.071103,19.893007,
1905991159,node,,Orlen,"współrzędne: 54.05576, 15.92324",54.055757,15.923235,
1911978991,node,,Orlen,"współrzędne: 53.11410, 17.95883",53.114095,17.958831,
1916266803,node,,Orlen,"ul. Białobórska, 77-304 Rzeczenica",53.762594,17.106853,
1921503364,node,,Orlen,"współrzędne: 50.37427, 18.78139",50.374265,18.781386,
1937701528,node,,Orlen,"współrzędne: 50.29435, 19.47199",50.294352,19.471986,
1941395278,node,,Orlen,"współrzędne: 53.33320, 15.04418",53.333198,15.044184,
2000577229,node,,Orlen,"współrzędne: 49.72363, 20.27973",49.723633,20.279732,
2007633922,node,,Orlen,"współrzędne: 49.83334, 22.23583",49.833342,22.235830,
2007655888,node,,Orlen,"ul. Adama Mickiewicza 18, 37-220 Kańczuga",49.988472,22.413304,
2007689812,node,,Orlen,"współrzędne: 50.91812, 22.66792",50.918118,22.667918,
2026418067,node,,Orlen,"współrzędne: 52.95894, 15.73387",52.958939,15.733870,
2050447076,node,,Orlen,"współrzędne: 50.36446, 20.03397",50.364456,20.033971,
2063837821,node,,Orlen,"współrzędne: 51.01832, 22.52333",51.018324,22.523332,
2069403448,node,,Orlen,"współrzędne: 50.20848, 17.82240",50.208483,17.822400,
2069682356,node,,Orlen,"współrzędne: 51.15674, 21.97309",51.156742,21.973094,
2082693576,node,,Orlen,"współrzędne: 50.07564, 22.25486",50.075638,22.254862,
2087339309,node,,Orlen,"współrzędne: 50.80835, 23.91362",50.808354,23.913618,
2092184410,node,,Orlen,"współrzędne: 51.39544, 21.11301",51.395437,21.113012,
2104827750,node,,Orlen,"współrzędne: 54.35001, 17.88921",54.350011,17.889211,
2106222778,node,,Orlen,"współrzędne: 51.04350, 20.82863",51.043496,20.828633,
2118187744,node,,Orlen,"współrzędne: 50.49459, 17.59243",50.494593,17.592431,
2119321410,node,,Orlen,"współrzędne: 52.74028, 15.26353",52.740284,15.263529,
2122766411,node,,Orlen,"współrzędne: 50.74020, 23.24857",50.740205,23.248574,
2122807076,node,,Orlen,"współrzędne: 50.73051, 23.27034",50.730515,23.270342,
2122819621,node,,Orlen,"współrzędne: 50.71410, 23.28533",50.714102,23.285334,
2125165439,node,,Orlen,"współrzędne: 52.03381, 23.06914",52.033808,23.069143,
2133479342,node,,Orlen,"ul. Warszawska, 96-500 Sochaczew",52.227845,20.251775,
2135892050,node,,Orlen,"współrzędne: 50.54068, 18.36119",50.540680,18.361187,
2141223154,node,,Stefaniuk,"współrzędne: 52.21196, 22.70412",52.211959,22.704118,
2184995821,node,,Orlen,"ul. Szczecińska 59b, 76-200 Słupsk",54.457281,16.993043,
2192157365,node,,Orlen,"współrzędne: 50.78029, 23.21946",50.780291,23.219458,
2196625179,node,,Orlen,"ul. Jeremiego Wiśniowieckiego 129, 33-300 Nowy Sącz",49.602563,20.727833,
2207124542,node,,Orlen,"współrzędne: 50.33442, 23.52140",50.334417,23.521403,
2213337581,node,,Stacja Paliw Orlen,"współrzędne: 50.66932, 17.97375",50.669315,17.973746,
2213751375,node,,Orlen,"współrzędne: 52.16483, 22.28366",52.164835,22.283660,
2261597684,node,,Orlen,"współrzędne: 53.11315, 18.06060",53.113151,18.060602,
2262029044,node,,Orlen,"ul. Henryka Sienkiewicza, 58-340 Głuszyca",50.698484,16.367238,
2281092351,node,,Orlen,"współrzędne: 50.25315, 23.13884",50.253150,23.138841,
2290296928,node,,Orlen,"współrzędne: 50.37881, 19.75415",50.378810,19.754153,
2291594625,node,,Orlen,"współrzędne: 50.92932, 22.24975",50.929317,22.249747,
2301759953,node,,Orlen,"współrzędne: 51.92727, 20.46339",51.927275,20.463390,
2324426410,node,,Orlen,"współrzędne: 50.27073, 19.58930",50.270729,19.589305,
2326314853,node,,Orlen,"współrzędne: 50.04688, 22.15325",50.046876,22.153248,
2331015800,node,,Orlen,"współrzędne: 50.07307, 18.37244",50.073074,18.372444,
2334313110,node,,Orlen,"ul. Tęczowa 5, Wrocław",51.106713,17.018209,
2349128059,node,,Orlen,"współrzędne: 54.27744, 17.09587",54.277438,17.095873,
2353750323,node,,Orlen,"współrzędne: 50.60376, 22.87867",50.603764,22.878666,
2366775227,node,,Orlen,"współrzędne: 52.00062, 22.76642",52.000618,22.766424,
2390920408,node,,Orlen,"współrzędne: 50.05656, 21.98848",50.056562,21.988483,
2396678843,node,,Orlen,"ul. Szczecińska 19, 76-251 Kobylnica",54.450990,16.967670,
2398349508,node,,Orlen,"współrzędne: 50.07378, 18.41562",50.073781,18.415619,
2398956274,node,,Orlen,"współrzędne: 53.28022, 15.31532",53.280222,15.315316,
2398956277,node,,Orlen,"współrzędne: 53.28865, 16.43888",53.288645,16.438880,
2399052513,node,,Orlen,"współrzędne: 53.92972, 18.31739",53.929718,18.317393,
2407186035,node,,Orlen,"współrzędne: 49.32118, 19.98531",49.321176,19.985313,
2408534407,node,,Orlen,"współrzędne: 53.20129, 22.09986",53.201286,22.099862,
2408542982,node,,Orlen,"współrzędne: 53.62940, 22.41412",53.629396,22.414117,
2416917044,node,,Orlen,"współrzędne: 52.06934, 19.48115",52.069341,19.481149,
2418775836,node,,Orlen,"współrzędne: 53.03124, 15.67448",53.031245,15.674480,
2423390410,node,,Orlen,"współrzędne: 50.68010, 17.87592",50.680096,17.875917,
2439608007,node,,Orlen,"współrzędne: 52.15429, 19.78582",52.154290,19.785825,
2454593560,node,,Orlen,"współrzędne: 49.84188, 19.92882",49.841882,19.928818,
2455867539,node,,Orlen,"współrzędne: 52.84551, 19.67044",52.845507,19.670439,
2458616003,node,,Orlen,"współrzędne: 53.44287, 14.57042",53.442868,14.570417,
2459051649,node,,Orlen,"współrzędne: 49.75186, 18.65698",49.751862,18.656981,
2462887985,node,,Orlen,"współrzędne: 51.04187, 17.12751",51.041868,17.127511,
2466984158,node,,Orlen,"współrzędne: 53.06573, 19.43505",53.065726,19.435050,
2473532288,node,,Orlen,"współrzędne: 49.92142, 19.88113",49.921424,19.881132,
2474956054,node,,Orlen,"współrzędne: 49.97095, 22.02633",49.970954,22.026327,
2478903134,node,,Orlen,"współrzędne: 50.88935, 21.86651",50.889354,21.866509,
2480911098,node,,Stacja paliw AMI Paliwa BAQ. Jakość grupy ORLEN.,"współrzędne: 51.52945, 17.96355",51.529450,17.963550,
2486413131,node,,Orlen,"ul. Jana Pawła II 31, 34-100 Radocza",49.918409,19.480828,
2496660506,node,,Orlen,"współrzędne: 49.65460, 19.81520",49.654599,19.815200,
2498628052,node,,Orlen,"współrzędne: 49.60841, 19.92797",49.608413,19.927966,
2516561112,node,,Orlen,"współrzędne: 54.04137, 21.77240",54.041369,21.772399,
2519316545,node,,Orlen,"współrzędne: 52.77145, 23.18422",52.771450,23.184224,
2520330026,node,,Orlen,"współrzędne: 54.19374, 16.18415",54.193743,16.184151,
2530678123,node,,Orlen,"współrzędne: 49.75537, 21.61976",49.755371,21.619759,
2547533868,node,,Orlen,"współrzędne: 49.95956, 22.80220",49.959565,22.802201,
2586606039,node,,Orlen,"ul. Czapliniecka 148, 97-400 Bełchatów",51.385625,19.341524,
2588795175,node,,Orlen,"ul. Cieszyńska, 43-241 Pszczyna",49.968365,18.926098,
2609099045,node,,Orlen,"współrzędne: 50.10570, 19.32437",50.105697,19.324366,
2624040531,node,,Orlen,"współrzędne: 51.33024, 16.66597",51.330239,16.665975,
2627663493,node,,Orlen,"współrzędne: 53.82112, 14.95941",53.821120,14.959410,
2638967323,node,,Orlen,"współrzędne: 53.79681, 17.96737",53.796809,17.967371,
2642822213,node,,Orlen,"współrzędne: 53.26881, 18.15771",53.268810,18.157713,
2667850184,node,,Orlen,"współrzędne: 51.24900, 22.58956",51.249002,22.589558,
2671309193,node,,Stacja benzynowa ORLEN,"ul. Tadeusza Kościuszki, 34-123 Chocznia",49.868224,19.427707,
2671735205,node,,Orlen,"współrzędne: 50.28539, 19.54773",50.285394,19.547732,
2678725185,node,,Orlen,"współrzędne: 49.74735, 19.97327",49.747353,19.973267,
2707866976,node,,Orlen,"współrzędne: 50.07095, 21.84931",50.070950,21.849308,
2737457679,node,,Orlen,"współrzędne: 50.06165, 21.69026",50.061653,21.690260,
2795525803,node,,Orlen,"współrzędne: 51.23314, 20.86466",51.233139,20.864655,
2818500152,node,,Orlen,"współrzędne: 52.43585, 21.04124",52.435848,21.041237,
2823959744,node,,Orlen,"współrzędne: 53.16932, 22.04985",53.169324,22.049845,
2840899480,node,,ORLEN,"współrzędne: 50.31591, 21.07668",50.315912,21.076676,
2841837643,node,,Orlen,"współrzędne: 50.33896, 21.06935",50.338957,21.069353,
2851360526,node,,Orlen,"współrzędne: 52.98813, 15.21039",52.988133,15.210392,
2871071022,node,,Orlen,"współrzędne: 53.36167, 15.41945",53.361673,15.419447,
2872430375,node,,Orlen,"współrzędne: 49.43887, 20.40675",49.438868,20.406752,
2876898504,node,,Orlen,"współrzędne: 50.69438, 22.41999",50.694381,22.419991,
2880287234,node,,Orlen,"współrzędne: 49.96328, 20.59898",49.963278,20.598983,
2899384708,node,,Orlen,"współrzędne: 53.56168, 22.28093",53.561679,22.280930,
2926756440,node,,Orlen,ul. Adama Mickiewicza 23A,52.689433,15.073163,
2933340301,node,,Orlen,"współrzędne: 51.21085, 22.64876",51.210854,22.648763,
2961924819,node,,Orlen,"współrzędne: 50.04102, 22.08384",50.041016,22.083842,
2993583296,node,,Orlen,"współrzędne: 50.47387, 22.83448",50.473871,22.834484,
2995389427,node,,Orlen,"współrzędne: 53.83291, 22.32767",53.832905,22.327674,
3001373718,node,,Orlen,"współrzędne: 50.48569, 23.04572",50.485689,23.045718,
3023958508,node,,Orlen,Czernichów,49.992171,19.689479,
3027531711,node,,Orlen,34-470 Czarny Dunajec,49.440736,19.853944,
3030698420,node,,Orlen,"współrzędne: 52.36103, 21.24698",52.361033,21.246981,
3064113049,node,,Orlen,"współrzędne: 50.33817, 19.25447",50.338173,19.254475,
3073095463,node,,Orlen,"współrzędne: 49.69500, 18.83027",49.694998,18.830274,
3130241611,node,,Orlen,"współrzędne: 50.21004, 18.96616",50.210043,18.966165,
3130295164,node,,Orlen,"współrzędne: 50.13007, 18.99493",50.130071,18.994931,
3143989836,node,,Orlen,"współrzędne: 52.61381, 20.38672",52.613807,20.386722,
3154418125,node,,Orlen,"współrzędne: 50.17039, 18.87007",50.170388,18.870072,
3182697579,node,,Orlen,"współrzędne: 50.17644, 20.99538",50.176438,20.995384,
3211406035,node,,Orlen,"współrzędne: 50.00944, 22.67598",50.009439,22.675976,
3212226562,node,,Orlen,"współrzędne: 51.12339, 17.02958",51.123390,17.029582,
3246942726,node,,Orlen,"współrzędne: 50.71856, 19.15564",50.718556,19.155643,
3281907606,node,,Orlen,"współrzędne: 54.23646, 16.88992",54.236457,16.889919,
3294303975,node,,Orlen,"współrzędne: 53.27623, 16.48595",53.276226,16.485949,
3308633967,node,,Orlen,"ul. Kiełczowska 76, 51-354 Wrocław",51.145822,17.139326,
3362081547,node,,Orlen,"współrzędne: 50.50915, 20.54615",50.509146,20.546146,
3362082538,node,,Orlen,"współrzędne: 50.52860, 20.53513",50.528601,20.535133,
3437641066,node,,Orlen,"współrzędne: 50.23169, 19.14289",50.231693,19.142890,
3476402591,node,,Orlen,"współrzędne: 50.75509, 23.78438",50.755090,23.784378,
3568644794,node,,Orlen,"współrzędne: 50.30177, 18.93665",50.301774,18.936647,
3636545444,node,,Orlen,"współrzędne: 53.33073, 15.06477",53.330734,15.064766,
3638070098,node,,Orlen,"współrzędne: 51.56828, 15.04938",51.568277,15.049384,
3640290134,node,,Orlen,"współrzędne: 51.52750, 22.32613",51.527497,22.326132,
3649523549,node,,Orlen,"współrzędne: 50.80844, 21.41779",50.808436,21.417790,
3650353940,node,,Orlen,"współrzędne: 50.64947, 21.45797",50.649474,21.457966,
3665654028,node,,Orlen,"współrzędne: 52.96133, 14.44423",52.961333,14.444226,
3670946736,node,,Orlen,"współrzędne: 50.95088, 23.18583",50.950885,23.185828,
3703653672,node,,Orlen,"współrzędne: 51.92410, 17.63729",51.924104,17.637286,
3705695147,node,,Orlen,"współrzędne: 50.03045, 21.57041",50.030445,21.570413,
3723437990,node,,Orlen,"współrzędne: 52.45117, 20.00815",52.451174,20.008154,
3726436651,node,,Orlen,"współrzędne: 54.39657, 18.57876",54.396574,18.578763,
3731559236,node,,Orlen,"współrzędne: 52.15833, 15.84231",52.158333,15.842311,
3744448127,node,,Orlen,"współrzędne: 50.09992, 18.55878",50.099925,18.558775,
3913109146,node,,Orlen,"ul. Swojczycka 43, 51-501 Wrocław",51.113709,17.117188,
3929565546,node,,Orlen,"współrzędne: 53.92674, 16.24774",53.926738,16.247740,
4029010156,node,,ORLEN,"ul. Warszawska 47, 26-225 Gowarczów",51.286132,20.441605,
4043915255,node,,Orlen,"współrzędne: 49.85450, 20.64319",49.854495,20.643187,
4069249792,node,,Orlen,"współrzędne: 51.41352, 21.20477",51.413523,21.204769,
4180303232,node,,Orlen,"współrzędne: 52.47088, 17.28521",52.470882,17.285214,
4197175370,node,,Orlen,"ul. Dworcowa 1, 99-100 Łęczyca",52.054212,19.203898,
4200510889,node,,Orlen,"współrzędne: 51.39546, 20.50929",51.395464,20.509295,
4209543059,node,,Orlen,"współrzędne: 52.67881, 22.50192",52.678810,22.501915,
4225434000,node,,Orlen,"współrzędne: 51.57020, 21.88838",51.570197,21.888376,
4271267387,node,,Orlen,"współrzędne: 50.50213, 20.48318",50.502134,20.483182,
4303255406,node,,Orlen,"współrzędne: 50.02420, 22.71499",50.024196,22.714993,
4329136986,node,,Orlen,"współrzędne: 53.15800, 16.73858",53.157999,16.738582,
4336795589,node,,Orlen,"współrzędne: 53.91337, 19.92356",53.913373,19.923558,
4340742241,node,,Orlen,"współrzędne: 50.02323, 22.67484",50.023227,22.674844,
4419655209,node,,Orlen,"współrzędne: 52.88699, 21.38890",52.886994,21.388901,
4487666097,node,,Orlen,"współrzędne: 51.77299, 20.20294",51.772995,20.202939,
4676942843,node,,Orlen,"współrzędne: 51.40465, 21.11880",51.404649,21.118803,
4728060104,node,,Orlen,"współrzędne: 51.41710, 21.15285",51.417096,21.152849,
4809249422,node,,Stacja Paliw ORLEN,"współrzędne: 51.08431, 22.97461",51.084311,22.974615,
4945999110,node,,Orlen,"współrzędne: 52.90701, 21.56575",52.907012,21.565747,
5085315834,node,,Orlen,"współrzędne: 50.62304, 20.28362",50.623044,20.283621,
5101459726,node,,Orlen,"współrzędne: 50.52445, 20.19222",50.524449,20.192217,
5204391076,node,,Orlen,"współrzędne: 51.38155, 21.13002",51.381549,21.130019,
5204759698,node,,Orlen,"współrzędne: 51.07280, 20.27171",51.072804,20.271710,
5249441057,node,,Orlen,38-340 Biecz,49.735431,21.264378,
5261864257,node,,Orlen,"współrzędne: 50.09025, 18.54246",50.090252,18.542465,
5286564969,node,,Orlen,"współrzędne: 51.18550, 15.05084",51.185497,15.050842,
5297946721,node,,Orlen,"współrzędne: 50.31702, 19.24755",50.317021,19.247551,
5308272857,node,,Orlen,"współrzędne: 51.87341, 16.07962",51.873411,16.079621,
5381117314,node,,Orlen,"współrzędne: 53.98086, 14.79670",53.980857,14.796699,
5402567365,node,,Orlen,"współrzędne: 53.41119, 14.54272",53.411187,14.542716,
5425301007,node,,Orlen,"ul. Robotnicza 1, 39-100 Ropczyce",50.073759,21.585558,
5486689546,node,,Orlen,"współrzędne: 53.51909, 19.07040",53.519087,19.070396,
5552069750,node,,Orlen,"współrzędne: 49.27945, 19.90876",49.279453,19.908760,
5590890245,node,,Stacja benzynowa Orlen,"współrzędne: 49.98637, 22.54497",49.986374,22.544966,
5614244042,node,,Orlen,"współrzędne: 51.05181, 21.09553",51.051806,21.095530,
5720824970,node,,Orlen,"współrzędne: 53.75900, 14.78538",53.759000,14.785381,
5758978289,node,,Orlen,"współrzędne: 52.38194, 16.74477",52.381943,16.744765,
5838485591,node,,Orlen,"współrzędne: 52.19633, 22.04813",52.196327,22.048126,
6260605838,node,,Orlen,"ul. Lwowska 236, 33-300 Nowy Sącz",49.621277,20.743102,
6421909199,node,,Orlen,"współrzędne: 49.80106, 19.04025",49.801061,19.040249,
6488056627,node,,Orlen,"współrzędne: 51.77927, 22.76424",51.779265,22.764236,
6642036186,node,,Orlen,"współrzędne: 50.78389, 17.34710",50.783886,17.347101,
6787559295,node,,Orlen,"współrzędne: 53.62211, 15.61279",53.622106,15.612792,
6855514665,node,,Orlen,"współrzędne: 50.08806, 18.23004",50.088064,18.230043,
6924368097,node,,Orlen,"współrzędne: 49.73141, 19.52341",49.731405,19.523411,
6975639689,node,,Orlen,"współrzędne: 54.37946, 18.31342",54.379458,18.313418,
7402708783,node,,Orlen,"współrzędne: 49.81031, 20.42013",49.810310,20.420127,
7959261468,node,,Orlen,"współrzędne: 51.21068, 15.23795",51.210675,15.237954,
8117032523,node,,Orlen,"współrzędne: 52.75800, 15.23724",52.758000,15.237244,
8541973929,node,,Orlen,"współrzędne: 50.06154, 22.47386",50.061536,22.473856,
8947888021,node,,Orlen,"współrzędne: 49.76788, 20.45940",49.767882,20.459401,
9010869518,node,,Orlen,"współrzędne: 51.11072, 16.88801",51.110717,16.888011,
9127775257,node,,Orlen,"współrzędne: 53.59087, 18.34961",53.590866,18.349609,
9205686884,node,,Orlen,"współrzędne: 50.91621, 16.10979",50.916212,16.109787,
9212727767,node,,Orlen,"współrzędne: 50.29479, 21.42469",50.294794,21.424691,
9279816386,node,,Orlen,"ul. Forteczna 4A, 87-100 Toruń",53.040878,18.611355,
9288913478,node,,Orlen,"współrzędne: 54.41403, 18.59991",54.414030,18.599905,
9422129919,node,,Orlen,"współrzędne: 52.22724, 20.98945",52.227238,20.989453,
9441057474,node,,Orlen,"ul. Adama Mickiewicza 1, Alwernia",50.060118,19.554266,
9682041863,node,,Orlen,32-100,50.201617,20.303190,
9690524664,node,,Orlen,"ul. 11 Listopada 87b, 21-200 Parczew",51.644515,22.915091,
9694325057,node,,Orlen,"współrzędne: 52.08130, 15.62792",52.081297,15.627925,
9809227610,node,,Orlen,"współrzędne: 49.75854, 21.51702",49.758535,21.517022,
9848017462,node,,Orlen,"współrzędne: 53.24201, 14.48829",53.242012,14.488287,
9855781473,node,,Orlen,"współrzędne: 50.26058, 18.98649",50.260583,18.986491,
9883137308,node,,Orlen,"współrzędne: 50.38328, 22.90061",50.383282,22.900605,
10033888563,node,,Orlen,"współrzędne: 51.52362, 21.09975",51.523617,21.099750,
10199854788,node,,Orlen,"współrzędne: 49.67419, 20.07474",49.674186,20.074742,
10246676837,node,,Orlen,"współrzędne: 50.03013, 20.63864",50.030125,20.638640,
10587514262,node,,Orlen,"współrzędne: 50.60644, 20.83539",50.606444,20.835386,
10681758997,node,,Orlen,"ul. 18 Stycznia 1, 87-300 Brodnica",53.250340,19.400254,
10696840237,node,,Orlen,"współrzędne: 52.20983, 21.17210",52.209826,21.172105,
10696844669,node,,Orlen,"współrzędne: 52.63303, 20.36586",52.633030,20.365855,
10755491124,node,,Orlen,"współrzędne: 54.38965, 19.83452",54.389651,19.834522,
10781766497,node,,Orlen,"współrzędne: 52.47444, 16.74462",52.474435,16.744620,
10830669732,node,,Orlen,"współrzędne: 50.34126, 22.13468",50.341263,22.134678,
10949789545,node,,Orlen,"współrzędne: 53.14390, 16.73784",53.143904,16.737842,
11030477781,node,,Orlen,"współrzędne: 50.05182, 19.95425",50.051818,19.954253,
11059358545,node,,Orlen,"ul. Adama Mickiewicza 26, 27-400 Ostrowiec Świętokrzyski",50.941499,21.379019,
11187777315,node,,Orlen,"współrzędne: 49.69154, 21.73257",49.691544,21.732574,
11298557886,node,,Orlen,"współrzędne: 51.10870, 15.59184",51.108704,15.591840,
11301075477,node,,Orlen,"ul. Stefana Żeromskiego 1A, 26-067 Strawczyn",50.942081,20.429192,
11664892453,node,,Orlen,"współrzędne: 50.57044, 21.69506",50.570442,21.695062,
11665223838,node,,Orlen,"współrzędne: 50.60228, 19.19664",50.602278,19.196642,
11758355621,node,,Orlen,"współrzędne: 52.17553, 20.77209",52.175529,20.772090,
11769019662,node,,Orlen,"współrzędne: 53.78213, 20.53601",53.782132,20.536012,
11800234817,node,,Orlen,"współrzędne: 51.08616, 17.16521",51.086159,17.165210,
12009548801,node,,Orlen,"współrzędne: 50.28117, 20.47930",50.281171,20.479302,
12075032617,node,,Orlen,"współrzędne: 53.00228, 14.95829",53.002282,14.958291,
12091809757,node,,Orlen,"współrzędne: 50.35642, 20.04242",50.356415,20.042418,
12305138286,node,,Orlen,"współrzędne: 51.06615, 17.19045",51.066147,17.190449,
12319158888,node,,Orlen,"współrzędne: 53.40046, 18.40272",53.400463,18.402720,
12393245241,node,,Orlen,"współrzędne: 53.01937, 18.64238",53.019371,18.642377,
12393364876,node,,Orlen,"współrzędne: 51.28017, 18.41386",51.280166,18.413856,
12487131043,node,,Orlen,"współrzędne: 52.85760, 15.69812",52.857596,15.698123,
12787620351,node,,Orlen,"współrzędne: 53.35058, 14.84839",53.350578,14.848386,
13052870035,node,,Orlen,"współrzędne: 50.32361, 18.14167",50.323607,18.141670,
13057423299,node,,Orlen,"współrzędne: 52.02383, 23.14390",52.023834,23.143897,
13081671354,node,,Orlen,"współrzędne: 50.06178, 21.94233",50.061782,21.942330,
13109325324,node,,Orlen,"ul. Czerniewiczki 30, 87-820 Kowal",52.523901,19.138270,
13140692601,node,,Orlen,"współrzędne: 52.15185, 16.77652",52.151848,16.776519,
13205561782,node,,Orlen,"współrzędne: 50.02153, 22.02920",50.021527,22.029199,
13251931699,node,,Orlen,"współrzędne: 54.18685, 19.38742",54.186853,19.387417,
13688622610,node,,ORLEN,"współrzędne: 49.82215, 18.66885",49.822154,18.668853,
13701844268,node,,Orlen,"współrzędne: 50.57556, 22.10899",50.575560,22.108994,
13836759441,node,,Orlen,"współrzędne: 52.25047, 21.06605",52.250471,21.066050,
13899810101,node,,Orlen,"współrzędne: 52.02717, 21.11766",52.027166,21.117657,
